"occurence_count"	"ingredients"
"100"	1	"100"
"145"	1	"145"
"abalon"	1	"abalon"
"abbamel"	1	"abbamel"
"absinth"	1	"absinth"
"abura"	1	"abura"
"accompani"	1	"accompani"
"acini"	1	"acini"
"acke"	1	"acke"
"acorn"	1	"acorn"
"adzuki"	1	"adzuki"
"aioli"	1	"aioli"
"ajinomoto"	1	"ajinomoto"
"ajwain"	1	"ajwain"
"aka"	1	"aka"
"alexia"	1	"alexia"
"alfalfa"	1	"alfalfa"
"almondmilk"	1	"almondmilk"
"alo"	1	"alo"
"alphabet"	1	"alphabet"
"alum"	1	"alum"
"amaranth"	1	"amaranth"
"amarena"	1	"amarena"
"amba"	1	"amba"
"amberjack"	1	"amberjack"
"amchur"	1	"amchur"
"america"	1	"america"
"ammonium"	1	"ammonium"
"amontillado"	1	"amontillado"
"ampalaya"	1	"ampalaya"
"anaheim"	1	"anaheim"
"anasazi"	1	"anasazi"
"anejo"	1	"anejo"
"angl"	1	"angl"
"anglais"	1	"anglais"
"angostura"	1	"angostura"
"angus"	1	"angus"
"anisett"	1	"anisett"
"aonori"	1	"aonori"
"ãpice"	1	"ãpice"
"applewood"	1	"applewood"
"aquavit"	1	"aquavit"
"arak"	1	"arak"
"aram"	1	"aram"
"arctic"	1	"arctic"
"arepa"	1	"arepa"
"argo"	1	"argo"
"armagnac"	1	"armagnac"
"arrabbiata"	1	"arrabbiata"
"arrow"	1	"arrow"
"artifici"	1	"artifici"
"asada"	1	"asada"
"asakusa"	1	"asakusa"
"ascorb"	1	"ascorb"
"asiago"	1	"asiago"
"aspic"	1	"aspic"
"assam"	1	"assam"
"assort"	1	"assort"
"asti"	1	"asti"
"atlant"	1	"atlant"
"atta"	1	"atta"
"awas"	1	"awas"
"azteca"	1	"azteca"
"azuki"	1	"azuki"
"bacardi"	1	"bacardi"
"bai"	1	"bai"
"bailey"	1	"bailey"
"balsamico"	1	"balsamico"
"bãnãdictin"	1	"bãnãdictin"
"banger"	1	"banger"
"baobab"	1	"baobab"
"barberri"	1	"barberri"
"bark"	1	"bark"
"barolo"	1	"barolo"
"barramundi"	1	"barramundi"
"basa"	1	"basa"
"bãtard"	1	"bãtard"
"baton"	1	"baton"
"bawang"	1	"bawang"
"bayonn"	1	"bayonn"
"beansprout"	1	"beansprout"
"bear"	1	"bear"
"beaten"	1	"beaten"
"beater"	1	"beater"
"beau"	1	"beau"
"beaujolai"	1	"beaujolai"
"bechamel"	1	"bechamel"
"bee"	1	"bee"
"beech"	1	"beech"
"beefsteak"	1	"beefsteak"
"beetroot"	1	"beetroot"
"belacan"	1	"belacan"
"belgian"	1	"belgian"
"belli"	1	"belli"
"bellpepp"	1	"bellpepp"
"beluga"	1	"beluga"
"bengal"	1	"bengal"
"bengali"	1	"bengali"
"beni"	1	"beni"
"benn"	1	"benn"
"bermuda"	1	"bermuda"
"besan"	1	"besan"
"bestâ"	1	"bestâ"
"better"	1	"better"
"betti"	1	"betti"
"beurr"	1	"beurr"
"bhaji"	1	"bhaji"
"bhindi"	1	"bhindi"
"bianco"	1	"bianco"
"bibb"	1	"bibb"
"big"	1	"big"
"biga"	1	"biga"
"bigoli"	1	"bigoli"
"bing"	1	"bing"
"biryani"	1	"biryani"
"biscotti"	1	"biscotti"
"bison"	1	"bison"
"blacan"	1	"blacan"
"blackcurr"	1	"blackcurr"
"blackey"	1	"blackey"
"blackpepp"	1	"blackpepp"
"blackstrap"	1	"blackstrap"
"blendsâ"	1	"blendsâ"
"bliss"	1	"bliss"
"block"	1	"block"
"bloodi"	1	"bloodi"
"boar"	1	"boar"
"bob"	1	"bob"
"bocconcini"	1	"bocconcini"
"bock"	1	"bock"
"bolillo"	1	"bolillo"
"bologna"	1	"bologna"
"bonnet"	1	"bonnet"
"boqueron"	1	"boqueron"
"borag"	1	"borag"
"bordelais"	1	"bordelais"
"bosc"	1	"bosc"
"boudin"	1	"boudin"
"boursin"	1	"boursin"
"bow"	1	"bow"
"bowti"	1	"bowti"
"boy"	1	"boy"
"boysenberri"	1	"boysenberri"
"braeburn"	1	"braeburn"
"branca"	1	"branca"
"branston"	1	"branston"
"bratwurst"	1	"bratwurst"
"brazil"	1	"brazil"
"breader"	1	"breader"
"breadfruit"	1	"breadfruit"
"breadstick"	1	"breadstick"
"breakston"	1	"breakston"
"breakstone’"	1	"breakstone’"
"bream"	1	"bream"
"bresaola"	1	"bresaola"
"breyersâ"	1	"breyersâ"
"brie"	1	"brie"
"brill"	1	"brill"
"brisã"	1	"brisã"
"brittl"	1	"brittl"
"broccolini"	1	"broccolini"
"broil"	1	"broil"
"bucatini"	1	"bucatini"
"budweis"	1	"budweis"
"bulk"	1	"bulk"
"burdock"	1	"burdock"
"burrata"	1	"burrata"
"burrito"	1	"burrito"
"burro"	1	"burro"
"bushi"	1	"bushi"
"buttercream"	1	"buttercream"
"buttercup"	1	"buttercup"
"butterflavor"	1	"butterflavor"
"butterfli"	1	"butterfli"
"buttermargarin"	1	"buttermargarin"
"cabral"	1	"cabral"
"cachaca"	1	"cachaca"
"caciocavallo"	1	"caciocavallo"
"cai"	1	"cai"
"cajeta"	1	"cajeta"
"cajuncreol"	1	"cajuncreol"
"calabash"	1	"calabash"
"calabaza"	1	"calabaza"
"calabres"	1	"calabres"
"calamata"	1	"calamata"
"calcium"	1	"calcium"
"calf"	1	"calf"
"calimyrna"	1	"calimyrna"
"callaloo"	1	"callaloo"
"calori"	1	"calori"
"calvado"	1	"calvado"
"camellia"	1	"camellia"
"camembert"	1	"camembert"
"campanell"	1	"campanell"
"campari"	1	"campari"
"canadian"	1	"canadian"
"candlenut"	1	"candlenut"
"canela"	1	"canela"
"canning"	1	"canning"
"cannoli"	1	"cannoli"
"cantal"	1	"cantal"
"cantaloup"	1	"cantaloup"
"capellini"	1	"capellini"
"capicola"	1	"capicola"
"capocollo"	1	"capocollo"
"capon"	1	"capon"
"caponata"	1	"caponata"
"cappuccino"	1	"cappuccino"
"carambola"	1	"carambola"
"cardamon"	1	"cardamon"
"cardoon"	1	"cardoon"
"caribbean"	1	"caribbean"
"carnaroli"	1	"carnaroli"
"carnita"	1	"carnita"
"carp"	1	"carp"
"casa"	1	"casa"
"cascabel"	1	"cascabel"
"casera"	1	"casera"
"cassia"	1	"cassia"
"castellan"	1	"castellan"
"castelvetrano"	1	"castelvetrano"
"catalina"	1	"catalina"
"catsup"	1	"catsup"
"caul"	1	"caul"
"caulifloweret"	1	"caulifloweret"
"cava"	1	"cava"
"cavatappi"	1	"cavatappi"
"cavatelli"	1	"cavatelli"
"cavend"	1	"cavend"
"cavolo"	1	"cavolo"
"ceci"	1	"ceci"
"celtic"	1	"celtic"
"centercut"	1	"centercut"
"centuri"	1	"centuri"
"ceylon"	1	"ceylon"
"chaat"	1	"chaat"
"chacher"	1	"chacher"
"chai"	1	"chai"
"challa"	1	"challa"
"challeng"	1	"challeng"
"cham"	1	"cham"
"chana"	1	"chana"
"chang"	1	"chang"
"chanterell"	1	"chanterell"
"chapati"	1	"chapati"
"chapatti"	1	"chapatti"
"chardonnay"	1	"chardonnay"
"chartreus"	1	"chartreus"
"chat"	1	"chat"
"chateaubriand"	1	"chateaubriand"
"chãvre"	1	"chãvre"
"chayot"	1	"chayot"
"chenpi"	1	"chenpi"
"cheong"	1	"cheong"
"cherryston"	1	"cherryston"
"chevr"	1	"chevr"
"chia"	1	"chia"
"chianti"	1	"chianti"
"chicharron"	1	"chicharron"
"chickenappl"	1	"chickenappl"
"chickenflavor"	1	"chickenflavor"
"chicori"	1	"chicori"
"chiffonad"	1	"chiffonad"
"chihuahua"	1	"chihuahua"
"chikn"	1	"chikn"
"chilcostl"	1	"chilcostl"
"chilean"	1	"chilean"
"chilegarl"	1	"chilegarl"
"chiltepãn"	1	"chiltepãn"
"chimichurri"	1	"chimichurri"
"chinkiang"	1	"chinkiang"
"chioggia"	1	"chioggia"
"chitterl"	1	"chitterl"
"chocho"	1	"chocho"
"chocolatecov"	1	"chocolatecov"
"chocolatehazelnut"	1	"chocolatehazelnut"
"choi"	1	"choi"
"cholula"	1	"cholula"
"chong"	1	"chong"
"chopmeat"	1	"chopmeat"
"chourico"	1	"chourico"
"chow"	1	"chow"
"chowchow"	1	"chowchow"
"chua"	1	"chua"
"chuka"	1	"chuka"
"chuno"	1	"chuno"
"clamato"	1	"clamato"
"clarifi"	1	"clarifi"
"clear"	1	"clear"
"clot"	1	"clot"
"clover"	1	"clover"
"club"	1	"club"
"coar"	1	"coar"
"coarsegrain"	1	"coarsegrain"
"cocacola"	1	"cocacola"
"cockl"	1	"cockl"
"coco"	1	"coco"
"cognac"	1	"cognac"
"colada"	1	"colada"
"colaflavor"	1	"colaflavor"
"coldsmok"	1	"coldsmok"
"cole"	1	"cole"
"collect"	1	"collect"
"colman"	1	"colman"
"colorado"	1	"colorado"
"colour"	1	"colour"
"comic"	1	"comic"
"comino"	1	"comino"
"compress"	1	"compress"
"conch"	1	"conch"
"conchigli"	1	"conchigli"
"condiment"	1	"condiment"
"cone"	1	"cone"
"conger"	1	"conger"
"cool"	1	"cool"
"cordial"	1	"cordial"
"corkscrew"	1	"corkscrew"
"cornflour"	1	"cornflour"
"cornhusk"	1	"cornhusk"
"cornichon"	1	"cornichon"
"cornonthecob"	1	"cornonthecob"
"cornstarch"	1	"cornstarch"
"cortland"	1	"cortland"
"cotto"	1	"cotto"
"couli"	1	"couli"
"countrystyl"	1	"countrystyl"
"cox"	1	"cox"
"crabappl"	1	"crabappl"
"crawfish"	1	"crawfish"
"crawford"	1	"crawford"
"crayfish"	1	"crayfish"
"creationsâ"	1	"creationsâ"
"crepe"	1	"crepe"
"crimini"	1	"crimini"
"crisp"	1	"crisp"
"crispcook"	1	"crispcook"
"crockâ"	1	"crockâ"
"crockerâ„"	1	"crockerâ„"
"crookneck"	1	"crookneck"
"cross"	1	"cross"
"crosswis"	1	"crosswis"
"crostini"	1	"crostini"
"crumpet"	1	"crumpet"
"crunch"	1	"crunch"
"crystalâ"	1	"crystalâ"
"cuban"	1	"cuban"
"cucuzza"	1	"cucuzza"
"cuisin"	1	"cuisin"
"culantro"	1	"culantro"
"culinari"	1	"culinari"
"cultur"	1	"cultur"
"cumberland"	1	"cumberland"
"cuminse"	1	"cuminse"
"cummin"	1	"cummin"
"cup"	1	"cup"
"curl"	1	"curl"
"curlyleaf"	1	"curlyleaf"
"daal"	1	"daal"
"daisi"	1	"daisi"
"daiya"	1	"daiya"
"dangmyun"	1	"dangmyun"
"darjeel"	1	"darjeel"
"dasheen"	1	"dasheen"
"day"	1	"day"
"decor"	1	"decor"
"deep"	1	"deep"
"deepfri"	1	"deepfri"
"delicata"	1	"delicata"
"demerara"	1	"demerara"
"demi"	1	"demi"
"dend"	1	"dend"
"dew"	1	"dew"
"dhal"	1	"dhal"
"dhaniya"	1	"dhaniya"
"diamond"	1	"diamond"
"dickel"	1	"dickel"
"digest"	1	"digest"
"dijonnais"	1	"dijonnais"
"dinosaur"	1	"dinosaur"
"disco"	1	"disco"
"dish"	1	"dish"
"doenzang"	1	"doenzang"
"dolc"	1	"dolc"
"dole"	1	"dole"
"doubanjiang"	1	"doubanjiang"
"doubleact"	1	"doubleact"
"doubledark"	1	"doubledark"
"drage"	1	"drage"
"dragon"	1	"dragon"
"drambui"	1	"drambui"
"duckl"	1	"duckl"
"dukkah"	1	"dukkah"
"dulc"	1	"dulc"
"dulong"	1	"dulong"
"dung"	1	"dung"
"durum"	1	"durum"
"dust"	1	"dust"
"dutchprocess"	1	"dutchprocess"
"duxell"	1	"duxell"
"eat"	1	"eat"
"eau"	1	"eau"
"eaudevi"	1	"eaudevi"
"edam"	1	"edam"
"efu"	1	"efu"
"eggland"	1	"eggland"
"eggnog"	1	"eggnog"
"eggrol"	1	"eggrol"
"elderflow"	1	"elderflow"
"emeril"	1	"emeril"
"emmenth"	1	"emmenth"
"energi"	1	"energi"
"enokitak"	1	"enokitak"
"enrich"	1	"enrich"
"epazot"	1	"epazot"
"equal"	1	"equal"
"erythritol"	1	"erythritol"
"escalop"	1	"escalop"
"escargot"	1	"escargot"
"escarol"	1	"escarol"
"estancia"	1	"estancia"
"evan"	1	"evan"
"everglad"	1	"everglad"
"extralean"	1	"extralean"
"extravirgin"	1	"extravirgin"
"falafel"	1	"falafel"
"farfallin"	1	"farfallin"
"farina"	1	"farina"
"farmer"	1	"farmer"
"farmhous"	1	"farmhous"
"farmsâ"	1	"farmsâ"
"farofa"	1	"farofa"
"fashion"	1	"fashion"
"fast"	1	"fast"
"fastris"	1	"fastris"
"fatback"	1	"fatback"
"fatfr"	1	"fatfr"
"fattrim"	1	"fattrim"
"fedelini"	1	"fedelini"
"fettuccini"	1	"fettuccini"
"fettucin"	1	"fettucin"
"fiber"	1	"fiber"
"ficell"	1	"ficell"
"fiddlehead"	1	"fiddlehead"
"filã"	1	"filã"
"filipino"	1	"filipino"
"fino"	1	"fino"
"fire"	1	"fire"
"fishcak"	1	"fishcak"
"five"	1	"five"
"flageolet"	1	"flageolet"
"flan"	1	"flan"
"flanken"	1	"flanken"
"flatbread"	1	"flatbread"
"flesh"	1	"flesh"
"fleur"	1	"fleur"
"floweret"	1	"floweret"
"fluff"	1	"fluff"
"focaccia"	1	"focaccia"
"foccacia"	1	"foccacia"
"fondant"	1	"fondant"
"foodsâ"	1	"foodsâ"
"foster"	1	"foster"
"fowl"	1	"fowl"
"frangelico"	1	"frangelico"
"frangipan"	1	"frangipan"
"frankfurt"	1	"frankfurt"
"franksâ"	1	"franksâ"
"freezedri"	1	"freezedri"
"fregola"	1	"fregola"
"frise"	1	"frise"
"frisell"	1	"frisell"
"frito"	1	"frito"
"frog"	1	"frog"
"fromag"	1	"fromag"
"fructos"	1	"fructos"
"fruitcak"	1	"fruitcak"
"fullfat"	1	"fullfat"
"fume"	1	"fume"
"fuyu"	1	"fuyu"
"gaeta"	1	"gaeta"
"gala"	1	"gala"
"galanga"	1	"galanga"
"galliano"	1	"galliano"
"gallo"	1	"gallo"
"ganach"	1	"ganach"
"gao"	1	"gao"
"garbonzo"	1	"garbonzo"
"gari"	1	"gari"
"garland"	1	"garland"
"garni"	1	"garni"
"garnish"	1	"garnish"
"gebhardt"	1	"gebhardt"
"gel"	1	"gel"
"gelato"	1	"gelato"
"gem"	1	"gem"
"gember"	1	"gember"
"gemelli"	1	"gemelli"
"genmai"	1	"genmai"
"genoa"	1	"genoa"
"genois"	1	"genois"
"georg"	1	"georg"
"germain"	1	"germain"
"german"	1	"german"
"ghee"	1	"ghee"
"giantâ„"	1	"giantâ„"
"giardiniera"	1	"giardiniera"
"gingerroot"	1	"gingerroot"
"ginkgo"	1	"ginkgo"
"gizzard"	1	"gizzard"
"glacã"	1	"glacã"
"glass"	1	"glass"
"globe"	1	"globe"
"gnocchetti"	1	"gnocchetti"
"gobo"	1	"gobo"
"gochugaru"	1	"gochugaru"
"gochujang"	1	"gochujang"
"godiva"	1	"godiva"
"goji"	1	"goji"
"goldâ"	1	"goldâ"
"goma"	1	"goma"
"gomashio"	1	"gomashio"
"good"	1	"good"
"gooseberri"	1	"gooseberri"
"goreng"	1	"goreng"
"gran"	1	"gran"
"granari"	1	"granari"
"grand"	1	"grand"
"granita"	1	"granita"
"granni"	1	"granni"
"granola"	1	"granola"
"grapese"	1	"grapese"
"grappa"	1	"grappa"
"grass"	1	"grass"
"gravenstein"	1	"gravenstein"
"graviera"	1	"graviera"
"gravlax"	1	"gravlax"
"gray"	1	"gray"
"greas"	1	"greas"
"great"	1	"great"
"gremolata"	1	"gremolata"
"grigio"	1	"grigio"
"grind"	1	"grind"
"grissini"	1	"grissini"
"groundnut"	1	"groundnut"
"grouper"	1	"grouper"
"gruyãr"	1	"gruyãr"
"gruyer"	1	"gruyer"
"guanabana"	1	"guanabana"
"guancial"	1	"guancial"
"guinea"	1	"guinea"
"gum"	1	"gum"
"haa"	1	"haa"
"haba"	1	"haba"
"hachiya"	1	"hachiya"
"hake"	1	"hake"
"hakusai"	1	"hakusai"
"halfandhalf"	1	"halfandhalf"
"halloumi"	1	"halloumi"
"haloumi"	1	"haloumi"
"hand"	1	"hand"
"hanger"	1	"hanger"
"hanh"	1	"hanh"
"hanout"	1	"hanout"
"hardboil"	1	"hardboil"
"harina"	1	"harina"
"harusam"	1	"harusam"
"harvest"	1	"harvest"
"hass"	1	"hass"
"hatch"	1	"hatch"
"hatcho"	1	"hatcho"
"heath"	1	"heath"
"heeng"	1	"heeng"
"helix"	1	"helix"
"hellmannãâ‚â„"	1	"hellmannãâ‚â„"
"hellmannsâ"	1	"hellmannsâ"
"herbsaint"	1	"herbsaint"
"hero"	1	"hero"
"hickori"	1	"hickori"
"hickoryflavor"	1	"hickoryflavor"
"hierba"	1	"hierba"
"high"	1	"high"
"highfructos"	1	"highfructos"
"highgluten"	1	"highgluten"
"hijiki"	1	"hijiki"
"hillshir"	1	"hillshir"
"himalayan"	1	"himalayan"
"hing"	1	"hing"
"hip"	1	"hip"
"hogu"	1	"hogu"
"hoi"	1	"hoi"
"holi"	1	"holi"
"holland"	1	"holland"
"hollandais"	1	"hollandais"
"honeycomb"	1	"honeycomb"
"honeyflavor"	1	"honeyflavor"
"honeysuckl"	1	"honeysuckl"
"hong"	1	"hong"
"hoop"	1	"hoop"
"hop"	1	"hop"
"hothous"	1	"hothous"
"hsing"	1	"hsing"
"hubbard"	1	"hubbard"
"huckleberri"	1	"huckleberri"
"huitlacoch"	1	"huitlacoch"
"hummus"	1	"hummus"
"hurst"	1	"hurst"
"hyssop"	1	"hyssop"
"idaho"	1	"idaho"
"ikura"	1	"ikura"
"imperi"	1	"imperi"
"inch"	1	"inch"
"india"	1	"india"
"iodiz"	1	"iodiz"
"iron"	1	"iron"
"islandsâ"	1	"islandsâ"
"italianstyl"	1	"italianstyl"
"jackfruit"	1	"jackfruit"
"jagermeist"	1	"jagermeist"
"jaggeri"	1	"jaggeri"
"jalap"	1	"jalap"
"jamaica"	1	"jamaica"
"jambon"	1	"jambon"
"jamon"	1	"jamon"
"jar"	1	"jar"
"jerki"	1	"jerki"
"jerusalem"	1	"jerusalem"
"jicama"	1	"jicama"
"jif"	1	"jif"
"jiffi"	1	"jiffi"
"jonshonvilleâ"	1	"jonshonvilleâ"
"jowl"	1	"jowl"
"junip"	1	"junip"
"kabocha"	1	"kabocha"
"kabuli"	1	"kabuli"
"kahlãa"	1	"kahlãa"
"kaiser"	1	"kaiser"
"kalamansi"	1	"kalamansi"
"kalonji"	1	"kalonji"
"kamaboko"	1	"kamaboko"
"kampyo"	1	"kampyo"
"kamut"	1	"kamut"
"kangkong"	1	"kangkong"
"kappa"	1	"kappa"
"karashi"	1	"karashi"
"kasha"	1	"kasha"
"kashmiri"	1	"kashmiri"
"kasseri"	1	"kasseri"
"kasu"	1	"kasu"
"kasuri"	1	"kasuri"
"katakuriko"	1	"katakuriko"
"kecap"	1	"kecap"
"keema"	1	"keema"
"kefalotiri"	1	"kefalotiri"
"kefalotyri"	1	"kefalotyri"
"kefir"	1	"kefir"
"kerrygold"	1	"kerrygold"
"ketjap"	1	"ketjap"
"kewpi"	1	"kewpi"
"kha"	1	"kha"
"khoa"	1	"khoa"
"kidnei"	1	"kidnei"
"kinchay"	1	"kinchay"
"kingfish"	1	"kingfish"
"kirbi"	1	"kirbi"
"kirsch"	1	"kirsch"
"kirschenliqueur"	1	"kirschenliqueur"
"kirschwass"	1	"kirschwass"
"kiss"	1	"kiss"
"kitchen"	1	"kitchen"
"kiwifruit"	1	"kiwifruit"
"klondik"	1	"klondik"
"knoblauch"	1	"knoblauch"
"knockwurst"	1	"knockwurst"
"knoflook"	1	"knoflook"
"knox"	1	"knox"
"knuckl"	1	"knuckl"
"kochu"	1	"kochu"
"kochujang"	1	"kochujang"
"kohlrabi"	1	"kohlrabi"
"kokum"	1	"kokum"
"komatsuna"	1	"komatsuna"
"kombu"	1	"kombu"
"konbu"	1	"konbu"
"kongstyl"	1	"kongstyl"
"konnyaku"	1	"konnyaku"
"korma"	1	"korma"
"krispi"	1	"krispi"
"kroger"	1	"kroger"
"kung"	1	"kung"
"lacinato"	1	"lacinato"
"ladyfing"	1	"ladyfing"
"lakesâ"	1	"lakesâ"
"laksa"	1	"laksa"
"lambic"	1	"lambic"
"lambrusco"	1	"lambrusco"
"lan"	1	"lan"
"land"	1	"land"
"langoustin"	1	"langoustin"
"lap"	1	"lap"
"lardon"	1	"lardon"
"laurel"	1	"laurel"
"lavash"	1	"lavash"
"layer"	1	"layer"
"lea"	1	"lea"
"leafi"	1	"leafi"
"lech"	1	"lech"
"lecithin"	1	"lecithin"
"legum"	1	"legum"
"lemongrass"	1	"lemongrass"
"lemonlim"	1	"lemonlim"
"lentill"	1	"lentill"
"lesser"	1	"lesser"
"licor"	1	"licor"
"licoric"	1	"licoric"
"lillet"	1	"lillet"
"limoncello"	1	"limoncello"
"lingcod"	1	"lingcod"
"linguica"	1	"linguica"
"linguini"	1	"linguini"
"linguisa"	1	"linguisa"
"liquoric"	1	"liquoric"
"lite"	1	"lite"
"littleneck"	1	"littleneck"
"liverwurst"	1	"liverwurst"
"london"	1	"london"
"longan"	1	"longan"
"longaniza"	1	"longaniza"
"loofah"	1	"loofah"
"lop"	1	"lop"
"lowmoistur"	1	"lowmoistur"
"lox"	1	"lox"
"luke"	1	"luke"
"lump"	1	"lump"
"lyche"	1	"lyche"
"maca"	1	"maca"
"macadamia"	1	"macadamia"
"macaron"	1	"macaron"
"mace"	1	"mace"
"machin"	1	"machin"
"madagascar"	1	"madagascar"
"madelein"	1	"madelein"
"madra"	1	"madra"
"mae"	1	"mae"
"maggi"	1	"maggi"
"magret"	1	"magret"
"mahlab"	1	"mahlab"
"maida"	1	"maida"
"maifun"	1	"maifun"
"maitak"	1	"maitak"
"maker"	1	"maker"
"maldon"	1	"maldon"
"maltos"	1	"maltos"
"mam"	1	"mam"
"mani"	1	"mani"
"maniã"	1	"maniã"
"manioc"	1	"manioc"
"manouri"	1	"manouri"
"mantou"	1	"mantou"
"maraschino"	1	"maraschino"
"marbl"	1	"marbl"
"marcona"	1	"marcona"
"margherita"	1	"margherita"
"mari"	1	"mari"
"marin"	1	"marin"
"mark"	1	"mark"
"marmit"	1	"marmit"
"marsala"	1	"marsala"
"martha"	1	"martha"
"marzipan"	1	"marzipan"
"masago"	1	"masago"
"mascarpon"	1	"mascarpon"
"masoor"	1	"masoor"
"massaman"	1	"massaman"
"master"	1	"master"
"masur"	1	"masur"
"matsutak"	1	"matsutak"
"matur"	1	"matur"
"maui"	1	"maui"
"mayonais"	1	"mayonais"
"mazolaâ"	1	"mazolaâ"
"mccormickâ"	1	"mccormickâ"
"mcintosh"	1	"mcintosh"
"meatfil"	1	"meatfil"
"mediumgrain"	1	"mediumgrain"
"melba"	1	"melba"
"melissa"	1	"melissa"
"mellow"	1	"mellow"
"membrillo"	1	"membrillo"
"menta"	1	"menta"
"mentaiko"	1	"mentaiko"
"menth"	1	"menth"
"mentsuyu"	1	"mentsuyu"
"merguez"	1	"merguez"
"merlot"	1	"merlot"
"merluza"	1	"merluza"
"mesclun"	1	"mesclun"
"mex"	1	"mex"
"mexicana"	1	"mexicana"
"mexicorn"	1	"mexicorn"
"mezcal"	1	"mezcal"
"mezzetta"	1	"mezzetta"
"mian"	1	"mian"
"microgreen"	1	"microgreen"
"mie"	1	"mie"
"milkfat"	1	"milkfat"
"milkfish"	1	"milkfish"
"min"	1	"min"
"miracl"	1	"miracl"
"mirin"	1	"mirin"
"mirliton"	1	"mirliton"
"miswa"	1	"miswa"
"mitsuba"	1	"mitsuba"
"mixer"	1	"mixer"
"mizuna"	1	"mizuna"
"mochi"	1	"mochi"
"mochiko"	1	"mochiko"
"moistur"	1	"moistur"
"mojo"	1	"mojo"
"mond"	1	"mond"
"mondavi"	1	"mondavi"
"montreal"	1	"montreal"
"mooli"	1	"mooli"
"moong"	1	"moong"
"moonshin"	1	"moonshin"
"moos"	1	"moos"
"mora"	1	"mora"
"morcilla"	1	"morcilla"
"morel"	1	"morel"
"moroccan"	1	"moroccan"
"mortadella"	1	"mortadella"
"morton"	1	"morton"
"moss"	1	"moss"
"mostaccioli"	1	"mostaccioli"
"mostarda"	1	"mostarda"
"moulard"	1	"moulard"
"mozarella"	1	"mozarella"
"msg"	1	"msg"
"muesli"	1	"muesli"
"mulato"	1	"mulato"
"muscadet"	1	"muscadet"
"muscadin"	1	"muscadin"
"muscat"	1	"muscat"
"muscavado"	1	"muscavado"
"muscovi"	1	"muscovi"
"mutton"	1	"mutton"
"myzithra"	1	"myzithra"
"nakano"	1	"nakano"
"nama"	1	"nama"
"nappa"	1	"nappa"
"nashi"	1	"nashi"
"natto"	1	"natto"
"navel"	1	"navel"
"neapolitan"	1	"neapolitan"
"nectarin"	1	"nectarin"
"needl"	1	"needl"
"neem"	1	"neem"
"negi"	1	"negi"
"negro"	1	"negro"
"nero"	1	"nero"
"nest"	1	"nest"
"nestl"	1	"nestl"
"nettl"	1	"nettl"
"neufchãtel"	1	"neufchãtel"
"neutral"	1	"neutral"
"ngo"	1	"ngo"
"nian"	1	"nian"
"niãois"	1	"niãois"
"nib"	1	"nib"
"niblet"	1	"niblet"
"nido"	1	"nido"
"nielsenmassey"	1	"nielsenmassey"
"nigari"	1	"nigari"
"nigella"	1	"nigella"
"nilla"	1	"nilla"
"nonhydrogen"	1	"nonhydrogen"
"nonpareil"	1	"nonpareil"
"nonstick"	1	"nonstick"
"nopal"	1	"nopal"
"nopalito"	1	"nopalito"
"northern"	1	"northern"
"nostick"	1	"nostick"
"nutella"	1	"nutella"
"obrien"	1	"obrien"
"ocean"	1	"ocean"
"octopus"	1	"octopus"
"oguraan"	1	"oguraan"
"oigatsuo"	1	"oigatsuo"
"oilcur"	1	"oilcur"
"olek"	1	"olek"
"oleo"	1	"oleo"
"oli"	1	"oli"
"oloroso"	1	"oloroso"
"opo"	1	"opo"
"orchid"	1	"orchid"
"orecchiett"	1	"orecchiett"
"oreoâ"	1	"oreoâ"
"orgeat"	1	"orgeat"
"orient"	1	"orient"
"originalsâ"	1	"originalsâ"
"ornament"	1	"ornament"
"ortega"	1	"ortega"
"osetra"	1	"osetra"
"ounc"	1	"ounc"
"ouzo"	1	"ouzo"
"oxtail"	1	"oxtail"
"oysterflavor"	1	"oysterflavor"
"paccheri"	1	"paccheri"
"pad"	1	"pad"
"padano"	1	"padano"
"paddi"	1	"paddi"
"paddl"	1	"paddl"
"padron"	1	"padron"
"paella"	1	"paella"
"pain"	1	"pain"
"pak"	1	"pak"
"panang"	1	"panang"
"panch"	1	"panch"
"pandanus"	1	"pandanus"
"pane"	1	"pane"
"panetiniâ"	1	"panetiniâ"
"panetton"	1	"panetton"
"pangasius"	1	"pangasius"
"pansi"	1	"pansi"
"pao"	1	"pao"
"papad"	1	"papad"
"papalo"	1	"papalo"
"pappadam"	1	"pappadam"
"paratha"	1	"paratha"
"parboil"	1	"parboil"
"parev"	1	"parev"
"parmagiano"	1	"parmagiano"
"parmigianareggiano"	1	"parmigianareggiano"
"parmigianoreggiano"	1	"parmigianoreggiano"
"parslei"	1	"parslei"
"parsnip"	1	"parsnip"
"passata"	1	"passata"
"passov"	1	"passov"
"pasti"	1	"pasti"
"pastina"	1	"pastina"
"pat"	1	"pat"
"pãtã"	1	"pãtã"
"pate"	1	"pate"
"pãte"	1	"pãte"
"pati"	1	"pati"
"patti"	1	"patti"
"pattypan"	1	"pattypan"
"peapod"	1	"peapod"
"pectin"	1	"pectin"
"pekin"	1	"pekin"
"peko"	1	"peko"
"pepe"	1	"pepe"
"peperoncino"	1	"peperoncino"
"peppadew"	1	"peppadew"
"pepperocini"	1	"pepperocini"
"pepperoncini"	1	"pepperoncini"
"perciatelli"	1	"perciatelli"
"perilla"	1	"perilla"
"perrin"	1	"perrin"
"persian"	1	"persian"
"pete"	1	"pete"
"petral"	1	"petral"
"pheasant"	1	"pheasant"
"pho"	1	"pho"
"phoran"	1	"phoran"
"piccolini"	1	"piccolini"
"pickapeppa"	1	"pickapeppa"
"picnic"	1	"picnic"
"pico"	1	"pico"
"pierogi"	1	"pierogi"
"pigeon"	1	"pigeon"
"pignoli"	1	"pignoli"
"pike"	1	"pike"
"pilaf"	1	"pilaf"
"piloncillo"	1	"piloncillo"
"pilsner"	1	"pilsner"
"pina"	1	"pina"
"pine"	1	"pine"
"pinenut"	1	"pinenut"
"pinhead"	1	"pinhead"
"piquillo"	1	"piquillo"
"piquin"	1	"piquin"
"piripiri"	1	"piripiri"
"pistou"	1	"pistou"
"pla"	1	"pla"
"ploy"	1	"ploy"
"poha"	1	"poha"
"poir"	1	"poir"
"polish"	1	"polish"
"pollen"	1	"pollen"
"pollock"	1	"pollock"
"pomelo"	1	"pomelo"
"pompano"	1	"pompano"
"pompeian"	1	"pompeian"
"ponzu"	1	"ponzu"
"poolish"	1	"poolish"
"poppadom"	1	"poppadom"
"poppyse"	1	"poppyse"
"porridg"	1	"porridg"
"portabello"	1	"portabello"
"porter"	1	"porter"
"porterhous"	1	"porterhous"
"portugues"	1	"portugues"
"posol"	1	"posol"
"potstick"	1	"potstick"
"poundcak"	1	"poundcak"
"pour"	1	"pour"
"poussin"	1	"poussin"
"pozol"	1	"pozol"
"prebak"	1	"prebak"
"precook"	1	"precook"
"premium"	1	"premium"
"preshr"	1	"preshr"
"press"	1	"press"
"pretzel"	1	"pretzel"
"prik"	1	"prik"
"primavera"	1	"primavera"
"prime"	1	"prime"
"proactiv"	1	"proactiv"
"progressoâ„"	1	"progressoâ„"
"promis"	1	"promis"
"provenc"	1	"provenc"
"psyllium"	1	"psyllium"
"puf"	1	"puf"
"pullman"	1	"pullman"
"pulp"	1	"pulp"
"pummelo"	1	"pummelo"
"purpo"	1	"purpo"
"qua"	1	"qua"
"quahog"	1	"quahog"
"quatr"	1	"quatr"
"rabbit"	1	"rabbit"
"rabe"	1	"rabe"
"raclett"	1	"raclett"
"raguâ"	1	"raguâ"
"rainbow"	1	"rainbow"
"rais"	1	"rais"
"raita"	1	"raita"
"rajma"	1	"rajma"
"raki"	1	"raki"
"ramp"	1	"ramp"
"ranchstyl"	1	"ranchstyl"
"rape"	1	"rape"
"rapese"	1	"rapese"
"rapid"	1	"rapid"
"ras"	1	"ras"
"ratatouill"	1	"ratatouill"
"ravva"	1	"ravva"
"razor"	1	"razor"
"readi"	1	"readi"
"readymad"	1	"readymad"
"reblochon"	1	"reblochon"
"redcurr"	1	"redcurr"
"redhotâ"	1	"redhotâ"
"reduct"	1	"reduct"
"refin"	1	"refin"
"rennet"	1	"rennet"
"reposado"	1	"reposado"
"rhubarb"	1	"rhubarb"
"riblet"	1	"riblet"
"ricard"	1	"ricard"
"riesl"	1	"riesl"
"rioja"	1	"rioja"
"ripen"	1	"ripen"
"riso"	1	"riso"
"ritz"	1	"ritz"
"road"	1	"road"
"robert"	1	"robert"
"robiola"	1	"robiola"
"robusto"	1	"robusto"
"robustoâ"	1	"robustoâ"
"rocket"	1	"rocket"
"rockfish"	1	"rockfish"
"roma"	1	"roma"
"romana"	1	"romana"
"romanesco"	1	"romanesco"
"rome"	1	"rome"
"rooster"	1	"rooster"
"rosa"	1	"rosa"
"rosewat"	1	"rosewat"
"rotell"	1	"rotell"
"roti"	1	"roti"
"rotisseri"	1	"rotisseri"
"rouill"	1	"rouill"
"runni"	1	"runni"
"rusk"	1	"rusk"
"russian"	1	"russian"
"rutabaga"	1	"rutabaga"
"saba"	1	"saba"
"sablefish"	1	"sablefish"
"sack"	1	"sack"
"saigon"	1	"saigon"
"sake"	1	"sake"
"saki"	1	"saki"
"saladâ"	1	"saladâ"
"salsifi"	1	"salsifi"
"saltpet"	1	"saltpet"
"sambuca"	1	"sambuca"
"samphir"	1	"samphir"
"sand"	1	"sand"
"sangioves"	1	"sangioves"
"sansho"	1	"sansho"
"santo"	1	"santo"
"sardi"	1	"sardi"
"sato"	1	"sato"
"sautern"	1	"sautern"
"savoiardi"	1	"savoiardi"
"scallopini"	1	"scallopini"
"scape"	1	"scape"
"scone"	1	"scone"
"sec"	1	"sec"
"seca"	1	"seca"
"secret"	1	"secret"
"secretsâ"	1	"secretsâ"
"section"	1	"section"
"seitan"	1	"seitan"
"sel"	1	"sel"
"semisoft"	1	"semisoft"
"serv"	1	"serv"
"sesameging"	1	"sesameging"
"seven"	1	"seven"
"shahi"	1	"shahi"
"shao"	1	"shao"
"shape"	1	"shape"
"sheep’"	1	"sheep’"
"sheepshead"	1	"sheepshead"
"shellfish"	1	"shellfish"
"shellon"	1	"shellon"
"shichimi"	1	"shichimi"
"shimeji"	1	"shimeji"
"shin"	1	"shin"
"shirataki"	1	"shirataki"
"shiraz"	1	"shiraz"
"shiro"	1	"shiro"
"shiromiso"	1	"shiromiso"
"shishito"	1	"shishito"
"shoepeg"	1	"shoepeg"
"shortcak"	1	"shortcak"
"shortcrust"	1	"shortcrust"
"shortgrain"	1	"shortgrain"
"shungiku"	1	"shungiku"
"sichuanes"	1	"sichuanes"
"sicilian"	1	"sicilian"
"simpl"	1	"simpl"
"skippi"	1	"skippi"
"skirt"	1	"skirt"
"slab"	1	"slab"
"slim"	1	"slim"
"sloe"	1	"sloe"
"smart"	1	"smart"
"smith"	1	"smith"
"smithfield"	1	"smithfield"
"smooth"	1	"smooth"
"snap"	1	"snap"
"snip"	1	"snip"
"soak"	1	"soak"
"sobrasada"	1	"sobrasada"
"sockey"	1	"sockey"
"sofrito"	1	"sofrito"
"softboil"	1	"softboil"
"softwheat"	1	"softwheat"
"soi"	1	"soi"
"somen"	1	"somen"
"sooji"	1	"sooji"
"soppressata"	1	"soppressata"
"sorrel"	1	"sorrel"
"souchong"	1	"souchong"
"soursop"	1	"soursop"
"soybas"	1	"soybas"
"soymilk"	1	"soymilk"
"spam"	1	"spam"
"spare"	1	"spare"
"spearmint"	1	"spearmint"
"special"	1	"special"
"speck"	1	"speck"
"spike"	1	"spike"
"spini"	1	"spini"
"spiral"	1	"spiral"
"sport"	1	"sport"
"spot"	1	"spot"
"spreadabl"	1	"spreadabl"
"sprite"	1	"sprite"
"spumant"	1	"spumant"
"squab"	1	"squab"
"squirt"	1	"squirt"
"sriracha"	1	"sriracha"
"stand"	1	"stand"
"star"	1	"star"
"starchi"	1	"starchi"
"starter"	1	"starter"
"steamer"	1	"steamer"
"stellett"	1	"stellett"
"sticker"	1	"sticker"
"sticki"	1	"sticki"
"stolichnaya"	1	"stolichnaya"
"stoneground"	1	"stoneground"
"storebought"	1	"storebought"
"stout"	1	"stout"
"straight"	1	"straight"
"strain"	1	"strain"
"straw"	1	"straw"
"stripe"	1	"stripe"
"strong"	1	"strong"
"strozzapreti"	1	"strozzapreti"
"submarin"	1	"submarin"
"sucanat"	1	"sucanat"
"success"	1	"success"
"suckl"	1	"suckl"
"sucrolos"	1	"sucrolos"
"suet"	1	"suet"
"sultana"	1	"sultana"
"sum"	1	"sum"
"sunchok"	1	"sunchok"
"sunda"	1	"sunda"
"superior"	1	"superior"
"swede"	1	"swede"
"sweetbread"	1	"sweetbread"
"swerv"	1	"swerv"
"syd"	1	"syd"
"szechuan"	1	"szechuan"
"szechwan"	1	"szechwan"
"tabascoâ"	1	"tabascoâ"
"tagliarini"	1	"tagliarini"
"taiwanes"	1	"taiwanes"
"taleggio"	1	"taleggio"
"tallow"	1	"tallow"
"tangelo"	1	"tangelo"
"tangzhong"	1	"tangzhong"
"tap"	1	"tap"
"tapatio"	1	"tapatio"
"tarama"	1	"tarama"
"tartlet"	1	"tartlet"
"tasso"	1	"tasso"
"tast"	1	"tast"
"tawni"	1	"tawni"
"tbone"	1	"tbone"
"teardrop"	1	"teardrop"
"teff"	1	"teff"
"telem"	1	"telem"
"tempeh"	1	"tempeh"
"tempura"	1	"tempura"
"tendon"	1	"tendon"
"tentacl"	1	"tentacl"
"teriyakiâ"	1	"teriyakiâ"
"terrin"	1	"terrin"
"tex"	1	"tex"
"texmex"	1	"texmex"
"textur"	1	"textur"
"thickcut"	1	"thickcut"
"thicken"	1	"thicken"
"third"	1	"third"
"thousand"	1	"thousand"
"tipo"	1	"tipo"
"tobiko"	1	"tobiko"
"tokyo"	1	"tokyo"
"tom"	1	"tom"
"tomat"	1	"tomat"
"toni"	1	"toni"
"tonic"	1	"tonic"
"tonkatsu"	1	"tonkatsu"
"toor"	1	"toor"
"topsid"	1	"topsid"
"torn"	1	"torn"
"torpedo"	1	"torpedo"
"tortelloni"	1	"tortelloni"
"tostito"	1	"tostito"
"toulous"	1	"toulous"
"tradicion"	1	"tradicion"
"tri"	1	"tri"
"tricolor"	1	"tricolor"
"tripl"	1	"tripl"
"triscuit"	1	"triscuit"
"trotter"	1	"trotter"
"true"	1	"true"
"trumpet"	1	"trumpet"
"tsuyu"	1	"tsuyu"
"tubetti"	1	"tubetti"
"tubettini"	1	"tubettini"
"tuong"	1	"tuong"
"tupelo"	1	"tupelo"
"turbinado"	1	"turbinado"
"turkei"	1	"turkei"
"turkish"	1	"turkish"
"tuscan"	1	"tuscan"
"tuttorosso"	1	"tuttorosso"
"tvp"	1	"tvp"
"tyson"	1	"tyson"
"tzatziki"	1	"tzatziki"
"ulek"	1	"ulek"
"ume"	1	"ume"
"unagi"	1	"unagi"
"unhul"	1	"unhul"
"uni"	1	"uni"
"unseason"	1	"unseason"
"unsmok"	1	"unsmok"
"unsulphur"	1	"unsulphur"
"usukuchi"	1	"usukuchi"
"vadouvan"	1	"vadouvan"
"val"	1	"val"
"valencia"	1	"valencia"
"varieti"	1	"varieti"
"varnish"	1	"varnish"
"vegeta"	1	"vegeta"
"vegetablefil"	1	"vegetablefil"
"velvet"	1	"velvet"
"vera"	1	"vera"
"verbena"	1	"verbena"
"verjuic"	1	"verjuic"
"verjus"	1	"verjus"
"vert"	1	"vert"
"viand"	1	"viand"
"victoria"	1	"victoria"
"vie"	1	"vie"
"vin"	1	"vin"
"vindaloo"	1	"vindaloo"
"vineyard"	1	"vineyard"
"violet"	1	"violet"
"virginia"	1	"virginia"
"vital"	1	"vital"
"vitamin"	1	"vitamin"
"wakam"	1	"wakam"
"wasab"	1	"wasab"
"wax"	1	"wax"
"waxi"	1	"waxi"
"weed"	1	"weed"
"wensleydal"	1	"wensleydal"
"wheatberri"	1	"wheatberri"
"whey"	1	"whey"
"whiteâ"	1	"whiteâ"
"wholem"	1	"wholem"
"wholemilk"	1	"wholemilk"
"wholesom"	1	"wholesom"
"wiener"	1	"wiener"
"wildflow"	1	"wildflow"
"william"	1	"william"
"winesap"	1	"winesap"
"wingett"	1	"wingett"
"wishboneâ"	1	"wishboneâ"
"wok"	1	"wok"
"woksaus"	1	"woksaus"
"wolf"	1	"wolf"
"wolfberri"	1	"wolfberri"
"xanthan"	1	"xanthan"
"xuxu"	1	"xuxu"
"yakinori"	1	"yakinori"
"yakisoba"	1	"yakisoba"
"yardlong"	1	"yardlong"
"yoplait"	1	"yoplait"
"yuca"	1	"yuca"
"yum"	1	"yum"
"yuzukosho"	1	"yuzukosho"
"zaatar"	1	"zaatar"
"zatarain"	1	"zatarain"
"zatarain’"	1	"zatarain’"
"zero"	1	"zero"
"aãai"	2	"aãai"
"acai"	2	"acai"
"accent"	2	"accent"
"activ"	2	"activ"
"ahi"	2	"ahi"
"alaskan"	2	"alaskan"
"albacor"	2	"albacor"
"alcohol"	2	"alcohol"
"aleppo"	2	"aleppo"
"allpurpos"	2	"allpurpos"
"amaretti"	2	"amaretti"
"amaretto"	2	"amaretto"
"amber"	2	"amber"
"anjou"	2	"anjou"
"applesauc"	2	"applesauc"
"arborio"	2	"arborio"
"arhar"	2	"arhar"
"arugula"	2	"arugula"
"asadero"	2	"asadero"
"asafoetida"	2	"asafoetida"
"bacardiâ"	2	"bacardiâ"
"bagel"	2	"bagel"
"balm"	2	"balm"
"bamboo"	2	"bamboo"
"banh"	2	"banh"
"bbq"	2	"bbq"
"bellâ"	2	"bellâ"
"bicarbon"	2	"bicarbon"
"bihon"	2	"bihon"
"bird"	2	"bird"
"blacken"	2	"blacken"
"blade"	2	"blade"
"borlotti"	2	"borlotti"
"bragg"	2	"bragg"
"brais"	2	"brais"
"brand"	2	"brand"
"branzino"	2	"branzino"
"brat"	2	"brat"
"brine"	2	"brine"
"brinecur"	2	"brinecur"
"broad"	2	"broad"
"broiler"	2	"broiler"
"broilerfry"	2	"broilerfry"
"bulgur"	2	"bulgur"
"butterâ"	2	"butterâ"
"butternut"	2	"butternut"
"button"	2	"button"
"caesar"	2	"caesar"
"calamansi"	2	"calamansi"
"calamari"	2	"calamari"
"cannellini"	2	"cannellini"
"cannelloni"	2	"cannelloni"
"canton"	2	"canton"
"capsicum"	2	"capsicum"
"cara"	2	"cara"
"carcass"	2	"carcass"
"carnat"	2	"carnat"
"carpaccio"	2	"carpaccio"
"cassi"	2	"cassi"
"catfish"	2	"catfish"
"chambord"	2	"chambord"
"channa"	2	"channa"
"chervil"	2	"chervil"
"chill"	2	"chill"
"cholesterol"	2	"cholesterol"
"cipollini"	2	"cipollini"
"citric"	2	"citric"
"citron"	2	"citron"
"classico"	2	"classico"
"claw"	2	"claw"
"cloud"	2	"cloud"
"codfish"	2	"codfish"
"cointreau"	2	"cointreau"
"cola"	2	"cola"
"comfort"	2	"comfort"
"compot"	2	"compot"
"con"	2	"con"
"confection"	2	"confection"
"confit"	2	"confit"
"conimex"	2	"conimex"
"consomm"	2	"consomm"
"cotija"	2	"cotija"
"cover"	2	"cover"
"crack"	2	"crack"
"creamer"	2	"creamer"
"cremini"	2	"cremini"
"cress"	2	"cress"
"crock"	2	"crock"
"croissant"	2	"croissant"
"cuervo"	2	"cuervo"
"curaãao"	2	"curaãao"
"cuttlefish"	2	"cuttlefish"
"daikon"	2	"daikon"
"dandelion"	2	"dandelion"
"daniel"	2	"daniel"
"dash"	2	"dash"
"dean"	2	"dean"
"delallo"	2	"delallo"
"delici"	2	"delici"
"despelett"	2	"despelett"
"devil"	2	"devil"
"diet"	2	"diet"
"dillwe"	2	"dillwe"
"ditalini"	2	"ditalini"
"domino"	2	"domino"
"dorito"	2	"dorito"
"drum"	2	"drum"
"drummett"	2	"drummett"
"earl"	2	"earl"
"earth"	2	"earth"
"edibl"	2	"edibl"
"elbow"	2	"elbow"
"elmlea"	2	"elmlea"
"european"	2	"european"
"fajita"	2	"fajita"
"famili"	2	"famili"
"farro"	2	"farro"
"fava"	2	"fava"
"fern"	2	"fern"
"fideo"	2	"fideo"
"field"	2	"field"
"filo"	2	"filo"
"fingerl"	2	"fingerl"
"fisher"	2	"fisher"
"fivespic"	2	"fivespic"
"flank"	2	"flank"
"flaxse"	2	"flaxse"
"foie"	2	"foie"
"fontina"	2	"fontina"
"fraãch"	2	"fraãch"
"frank"	2	"frank"
"freerang"	2	"freerang"
"fresca"	2	"fresca"
"fresco"	2	"fresco"
"fresno"	2	"fresno"
"frond"	2	"frond"
"fryer"	2	"fryer"
"fuji"	2	"fuji"
"fungus"	2	"fungus"
"furikak"	2	"furikak"
"fusilli"	2	"fusilli"
"gai"	2	"gai"
"germ"	2	"germ"
"gherkin"	2	"gherkin"
"giant"	2	"giant"
"giblet"	2	"giblet"
"ginseng"	2	"ginseng"
"glace"	2	"glace"
"glucos"	2	"glucos"
"gnocchi"	2	"gnocchi"
"gourd"	2	"gourd"
"grade"	2	"grade"
"grana"	2	"grana"
"gras"	2	"gras"
"grassf"	2	"grassf"
"greater"	2	"greater"
"greekstyl"	2	"greekstyl"
"grenadin"	2	"grenadin"
"grey"	2	"grey"
"guava"	2	"guava"
"guin"	2	"guin"
"guy"	2	"guy"
"hamachi"	2	"hamachi"
"haricot"	2	"haricot"
"havarti"	2	"havarti"
"hawaiian"	2	"hawaiian"
"hemp"	2	"hemp"
"herring"	2	"herring"
"hog"	2	"hog"
"hoja"	2	"hoja"
"home"	2	"home"
"homestyl"	2	"homestyl"
"honeydew"	2	"honeydew"
"husk"	2	"husk"
"ibarra"	2	"ibarra"
"iceberg"	2	"iceberg"
"imo"	2	"imo"
"indian"	2	"indian"
"jameson"	2	"jameson"
"jarlsberg"	2	"jarlsberg"
"jeera"	2	"jeera"
"johnsonvilleâ"	2	"johnsonvilleâ"
"jose"	2	"jose"
"jujub"	2	"jujub"
"kaffir"	2	"kaffir"
"kahlua"	2	"kahlua"
"katsuo"	2	"katsuo"
"key"	2	"key"
"kim"	2	"kim"
"kimchi"	2	"kimchi"
"kipper"	2	"kipper"
"kumquat"	2	"kumquat"
"lapsang"	2	"lapsang"
"lard"	2	"lard"
"levain"	2	"levain"
"liptonâ"	2	"liptonâ"
"liquor"	2	"liquor"
"longgrain"	2	"longgrain"
"loos"	2	"loos"
"louisiana"	2	"louisiana"
"lumpia"	2	"lumpia"
"luncheon"	2	"luncheon"
"made"	2	"made"
"madeira"	2	"madeira"
"mahimahi"	2	"mahimahi"
"manischewitz"	2	"manischewitz"
"manzanilla"	2	"manzanilla"
"marnier"	2	"marnier"
"marron"	2	"marron"
"matcha"	2	"matcha"
"mazola"	2	"mazola"
"meatloaf"	2	"meatloaf"
"medal"	2	"medal"
"medjool"	2	"medjool"
"melt"	2	"melt"
"mesquit"	2	"mesquit"
"mexico"	2	"mexico"
"mignon"	2	"mignon"
"millet"	2	"millet"
"mincemeat"	2	"mincemeat"
"miner"	2	"miner"
"miniatur"	2	"miniatur"
"mixtur"	2	"mixtur"
"mizkan"	2	"mizkan"
"mms"	2	"mms"
"monkfish"	2	"monkfish"
"mountain"	2	"mountain"
"mouss"	2	"mouss"
"mrs"	2	"mrs"
"muenster"	2	"muenster"
"mullet"	2	"mullet"
"multigrain"	2	"multigrain"
"muscovado"	2	"muscovado"
"mussel"	2	"mussel"
"napa"	2	"napa"
"navi"	2	"navi"
"nocalori"	2	"nocalori"
"noir"	2	"noir"
"nondairi"	2	"nondairi"
"nosaltad"	2	"nosaltad"
"nugget"	2	"nugget"
"nutrit"	2	"nutrit"
"oldfashion"	2	"oldfashion"
"one"	2	"one"
"ovenreadi"	2	"ovenreadi"
"pace"	2	"pace"
"pale"	2	"pale"
"pam"	2	"pam"
"pan"	2	"pan"
"pandan"	2	"pandan"
"paneer"	2	"paneer"
"panela"	2	"panela"
"papaya"	2	"papaya"
"parma"	2	"parma"
"parmigiano"	2	"parmigiano"
"part"	2	"part"
"passion"	2	"passion"
"peasant"	2	"peasant"
"peperoncini"	2	"peperoncini"
"pepita"	2	"pepita"
"pepperidg"	2	"pepperidg"
"perch"	2	"perch"
"pernod"	2	"pernod"
"persimmon"	2	"persimmon"
"petal"	2	"petal"
"picant"	2	"picant"
"picholin"	2	"picholin"
"piecrust"	2	"piecrust"
"pillsburi"	2	"pillsburi"
"piment"	2	"piment"
"pimenton"	2	"pimenton"
"pippin"	2	"pippin"
"pisco"	2	"pisco"
"plantain"	2	"plantain"
"plus"	2	"plus"
"point"	2	"point"
"pop"	2	"pop"
"portobello"	2	"portobello"
"poultri"	2	"poultri"
"prego"	2	"prego"
"process"	2	"process"
"prosciutto"	2	"prosciutto"
"proscuitto"	2	"proscuitto"
"prosecco"	2	"prosecco"
"provolon"	2	"provolon"
"puy"	2	"puy"
"quail"	2	"quail"
"quarter"	2	"quarter"
"quinc"	2	"quinc"
"quorn"	2	"quorn"
"rack"	2	"rack"
"rasher"	2	"rasher"
"redfish"	2	"redfish"
"reducedsodium"	2	"reducedsodium"
"reggiano"	2	"reggiano"
"remoulad"	2	"remoulad"
"render"	2	"render"
"ribey"	2	"ribey"
"rich"	2	"rich"
"rigat"	2	"rigat"
"ripe"	2	"ripe"
"risotto"	2	"risotto"
"roquefort"	2	"roquefort"
"rosã"	2	"rosã"
"roughi"	2	"roughi"
"roux"	2	"roux"
"royal"	2	"royal"
"rubi"	2	"rubi"
"russet"	2	"russet"
"rustic"	2	"rustic"
"safflow"	2	"safflow"
"sago"	2	"sago"
"salata"	2	"salata"
"sangria"	2	"sangria"
"sardin"	2	"sardin"
"sashimi"	2	"sashimi"
"sauerkraut"	2	"sauerkraut"
"scallion"	2	"scallion"
"schmaltz"	2	"schmaltz"
"scrod"	2	"scrod"
"scrub"	2	"scrub"
"seamless"	2	"seamless"
"seawe"	2	"seawe"
"segment"	2	"segment"
"self"	2	"self"
"sevill"	2	"sevill"
"shanghai"	2	"shanghai"
"shaox"	2	"shaox"
"shark"	2	"shark"
"sherbet"	2	"sherbet"
"shiso"	2	"shiso"
"shoga"	2	"shoga"
"shortbread"	2	"shortbread"
"shoyu"	2	"shoyu"
"shuck"	2	"shuck"
"siu"	2	"siu"
"skate"	2	"skate"
"slider"	2	"slider"
"sliver"	2	"sliver"
"soften"	2	"soften"
"softshel"	2	"softshel"
"sorbet"	2	"sorbet"
"southern"	2	"southern"
"southwest"	2	"southwest"
"spaghettini"	2	"spaghettini"
"sparerib"	2	"sparerib"
"spear"	2	"spear"
"spong"	2	"spong"
"squeez"	2	"squeez"
"squid"	2	"squid"
"steelcut"	2	"steelcut"
"stilton"	2	"stilton"
"streaki"	2	"streaki"
"sturgeon"	2	"sturgeon"
"sub"	2	"sub"
"sucralos"	2	"sucralos"
"sun"	2	"sun"
"superfin"	2	"superfin"
"tabasco"	2	"tabasco"
"tagliatell"	2	"tagliatell"
"tahini"	2	"tahini"
"tamal"	2	"tamal"
"tapenad"	2	"tapenad"
"taro"	2	"taro"
"tater"	2	"tater"
"tatsoi"	2	"tatsoi"
"texa"	2	"texa"
"tikka"	2	"tikka"
"tilapia"	2	"tilapia"
"togarashi"	2	"togarashi"
"tomatillo"	2	"tomatillo"
"ton"	2	"ton"
"tot"	2	"tot"
"touch"	2	"touch"
"treacl"	2	"treacl"
"tree"	2	"tree"
"treviso"	2	"treviso"
"tripe"	2	"tripe"
"tritip"	2	"tritip"
"tropic"	2	"tropic"
"truvãaâ"	2	"truvãaâ"
"tuaca"	2	"tuaca"
"tube"	2	"tube"
"tumer"	2	"tumer"
"turbot"	2	"turbot"
"turtl"	2	"turtl"
"twist"	2	"twist"
"unbak"	2	"unbak"
"unbleach"	2	"unbleach"
"undilut"	2	"undilut"
"undrain"	2	"undrain"
"unflavor"	2	"unflavor"
"urad"	2	"urad"
"veri"	2	"veri"
"vidalia"	2	"vidalia"
"wagon"	2	"wagon"
"watercress"	2	"watercress"
"well"	2	"well"
"wesson"	2	"wesson"
"whiski"	2	"whiski"
"won"	2	"won"
"wondra"	2	"wondra"
"yellowfin"	2	"yellowfin"
"yellowtail"	2	"yellowtail"
"yoplaitâ"	2	"yoplaitâ"
"york"	2	"york"
"yucca"	2	"yucca"
"yukon"	2	"yukon"
"yuzu"	2	"yuzu"
"zinfandel"	2	"zinfandel"
"achiot"	3	"achiot"
"acid"	3	"acid"
"agar"	3	"agar"
"agav"	3	"agav"
"arbol"	3	"arbol"
"artisan"	3	"artisan"
"balanc"	3	"balanc"
"bartlett"	3	"bartlett"
"basmati"	3	"basmati"
"believ"	3	"believ"
"ben"	3	"ben"
"bertolliâ"	3	"bertolliâ"
"beverag"	3	"beverag"
"bisquick"	3	"bisquick"
"bit"	3	"bit"
"bittersweet"	3	"bittersweet"
"boston"	3	"boston"
"bouquet"	3	"bouquet"
"brioch"	3	"brioch"
"brisket"	3	"brisket"
"browni"	3	"browni"
"brussel"	3	"brussel"
"bud"	3	"bud"
"cabernet"	3	"cabernet"
"california"	3	"california"
"cant"	3	"cant"
"cap"	3	"cap"
"caper"	3	"caper"
"caraway"	3	"caraway"
"carbon"	3	"carbon"
"carn"	3	"carn"
"cassava"	3	"cassava"
"caster"	3	"caster"
"champagn"	3	"champagn"
"cheek"	3	"cheek"
"cheesi"	3	"cheesi"
"chickpea"	3	"chickpea"
"chilli"	3	"chilli"
"chrysanthemum"	3	"chrysanthemum"
"chutney"	3	"chutney"
"classic"	3	"classic"
"clementin"	3	"clementin"
"coke"	3	"coke"
"convert"	3	"convert"
"cornish"	3	"cornish"
"crabmeat"	3	"crabmeat"
"crisco"	3	"crisco"
"crispi"	3	"crispi"
"devein"	3	"devein"
"distil"	3	"distil"
"eel"	3	"eel"
"endiv"	3	"endiv"
"feet"	3	"feet"
"fenugreek"	3	"fenugreek"
"ferment"	3	"ferment"
"fiesta"	3	"fiesta"
"file"	3	"file"
"flax"	3	"flax"
"forest"	3	"forest"
"frambois"	3	"frambois"
"full"	3	"full"
"galang"	3	"galang"
"game"	3	"game"
"garam"	3	"garam"
"gin"	3	"gin"
"glutin"	3	"glutin"
"goos"	3	"goos"
"gorgonzola"	3	"gorgonzola"
"gourmet"	3	"gourmet"
"granular"	3	"granular"
"groat"	3	"groat"
"gyoza"	3	"gyoza"
"hair"	3	"hair"
"halibut"	3	"halibut"
"hamburg"	3	"hamburg"
"harissa"	3	"harissa"
"hash"	3	"hash"
"heirloom"	3	"heirloom"
"herdez"	3	"herdez"
"hoagi"	3	"hoagi"
"hock"	3	"hock"
"hoisin"	3	"hoisin"
"hous"	3	"hous"
"hungarian"	3	"hungarian"
"imit"	3	"imit"
"jello"	3	"jello"
"jimmi"	3	"jimmi"
"jus"	3	"jus"
"karo"	3	"karo"
"kelp"	3	"kelp"
"kewra"	3	"kewra"
"kikkoman"	3	"kikkoman"
"kiwi"	3	"kiwi"
"knudsen"	3	"knudsen"
"lasagn"	3	"lasagn"
"leftov"	3	"leftov"
"lower"	3	"lower"
"lowsodium"	3	"lowsodium"
"mackerel"	3	"mackerel"
"manchego"	3	"manchego"
"manicotti"	3	"manicotti"
"margarita"	3	"margarita"
"marjoram"	3	"marjoram"
"marmalad"	3	"marmalad"
"marzano"	3	"marzano"
"mayer"	3	"mayer"
"mayonnai"	3	"mayonnai"
"medallion"	3	"medallion"
"mein"	3	"mein"
"meringu"	3	"meringu"
"methi"	3	"methi"
"meyer"	3	"meyer"
"minut"	3	"minut"
"morsel"	3	"morsel"
"naan"	3	"naan"
"nacho"	3	"nacho"
"nam"	3	"nam"
"nuoc"	3	"nuoc"
"orzo"	3	"orzo"
"oscar"	3	"oscar"
"pancetta"	3	"pancetta"
"pancit"	3	"pancit"
"paper"	3	"paper"
"pappardell"	3	"pappardell"
"pecorino"	3	"pecorino"
"petit"	3	"petit"
"pillsburyâ„"	3	"pillsburyâ„"
"pinto"	3	"pinto"
"pocket"	3	"pocket"
"poi"	3	"poi"
"polenta"	3	"polenta"
"porcini"	3	"porcini"
"protein"	3	"protein"
"pumpernickel"	3	"pumpernickel"
"pumpkinse"	3	"pumpkinse"
"purpl"	3	"purpl"
"radicchio"	3	"radicchio"
"rang"	3	"rang"
"real"	3	"real"
"reducedfat"	3	"reducedfat"
"rin"	3	"rin"
"rise"	3	"rise"
"roe"	3	"roe"
"saltin"	3	"saltin"
"sambal"	3	"sambal"
"san"	3	"san"
"santa"	3	"santa"
"sargentoâ"	3	"sargentoâ"
"savori"	3	"savori"
"savoy"	3	"savoy"
"selfris"	3	"selfris"
"semi"	3	"semi"
"semolina"	3	"semolina"
"shallot"	3	"shallot"
"shave"	3	"shave"
"sichuan"	3	"sichuan"
"silver"	3	"silver"
"size"	3	"size"
"sole"	3	"sole"
"solid"	3	"solid"
"soya"	3	"soya"
"spelt"	3	"spelt"
"sprinkl"	3	"sprinkl"
"steam"	3	"steam"
"stevia"	3	"stevia"
"stone"	3	"stone"
"stonefir"	3	"stonefir"
"string"	3	"string"
"sugarcan"	3	"sugarcan"
"sumac"	3	"sumac"
"summer"	3	"summer"
"swordfish"	3	"swordfish"
"tail"	3	"tail"
"tangerin"	3	"tangerin"
"tartar"	3	"tartar"
"thread"	3	"thread"
"tiger"	3	"tiger"
"tostada"	3	"tostada"
"udon"	3	"udon"
"uncl"	3	"uncl"
"vayâ"	3	"vayâ"
"velveeta"	3	"velveeta"
"venison"	3	"venison"
"waffl"	3	"waffl"
"warm"	3	"warm"
"wasabi"	3	"wasabi"
"wheel"	3	"wheel"
"whitefish"	3	"whitefish"
"wide"	3	"wide"
"wish"	3	"wish"
"world"	3	"world"
"yolk"	3	"yolk"
"young"	3	"young"
"zesti"	3	"zesti"
"american"	4	"american"
"amino"	4	"amino"
"ancho"	4	"ancho"
"arrowroot"	4	"arrowroot"
"asafetida"	4	"asafetida"
"ball"	4	"ball"
"blanch"	4	"blanch"
"blanco"	4	"blanco"
"bonito"	4	"bonito"
"bottom"	4	"bottom"
"bought"	4	"bought"
"bourbon"	4	"bourbon"
"brew"	4	"brew"
"buffalo"	4	"buffalo"
"bulb"	4	"bulb"
"burgundi"	4	"burgundi"
"butteri"	4	"butteri"
"butterscotch"	4	"butterscotch"
"cactus"	4	"cactus"
"campbel"	4	"campbel"
"caviar"	4	"caviar"
"colbi"	4	"colbi"
"collard"	4	"collard"
"cornflak"	4	"cornflak"
"couscous"	4	"couscous"
"crema"	4	"crema"
"crouton"	4	"crouton"
"cur"	4	"cur"
"custard"	4	"custard"
"dairi"	4	"dairi"
"dashi"	4	"dashi"
"dessert"	4	"dessert"
"drink"	4	"drink"
"drumstick"	4	"drumstick"
"dumpl"	4	"dumpl"
"edamam"	4	"edamam"
"empanada"	4	"empanada"
"filet"	4	"filet"
"finger"	4	"finger"
"flora"	4	"flora"
"floret"	4	"floret"
"flounder"	4	"flounder"
"fudg"	4	"fudg"
"garbanzo"	4	"garbanzo"
"gingersnap"	4	"gingersnap"
"gouda"	4	"gouda"
"guacamol"	4	"guacamol"
"guajillo"	4	"guajillo"
"heavi"	4	"heavi"
"heinz"	4	"heinz"
"hellmann"	4	"hellmann"
"hibiscus"	4	"hibiscus"
"jambalaya"	4	"jambalaya"
"jasmin"	4	"jasmin"
"kosher"	4	"kosher"
"ladi"	4	"ladi"
"lili"	4	"lili"
"lima"	4	"lima"
"limead"	4	"limead"
"linguin"	4	"linguin"
"loav"	4	"loav"
"lotus"	4	"lotus"
"macaroni"	4	"macaroni"
"marinara"	4	"marinara"
"marrow"	4	"marrow"
"masa"	4	"masa"
"mash"	4	"mash"
"matzo"	4	"matzo"
"mole"	4	"mole"
"mung"	4	"mung"
"neck"	4	"neck"
"nutmeg"	4	"nutmeg"
"palm"	4	"palm"
"panko"	4	"panko"
"partskim"	4	"partskim"
"pasilla"	4	"pasilla"
"paso"	4	"paso"
"peppermint"	4	"peppermint"
"phyllo"	4	"phyllo"
"pig"	4	"pig"
"pimento"	4	"pimento"
"pinot"	4	"pinot"
"pomegran"	4	"pomegran"
"port"	4	"port"
"pot"	4	"pot"
"pralin"	4	"pralin"
"prune"	4	"prune"
"raisin"	4	"raisin"
"rump"	4	"rump"
"saffron"	4	"saffron"
"satsuma"	4	"satsuma"
"sauvignon"	4	"sauvignon"
"schnapp"	4	"schnapp"
"scotch"	4	"scotch"
"seltzer"	4	"seltzer"
"shiitak"	4	"shiitak"
"shoot"	4	"shoot"
"shorten"	4	"shorten"
"sidesâ„"	4	"sidesâ„"
"silken"	4	"silken"
"singl"	4	"singl"
"snow"	4	"snow"
"sorghum"	4	"sorghum"
"soybean"	4	"soybean"
"splenda"	4	"splenda"
"stem"	4	"stem"
"store"	4	"store"
"substitut"	4	"substitut"
"sundri"	4	"sundri"
"sushi"	4	"sushi"
"swanson"	4	"swanson"
"tender"	4	"tender"
"teriyaki"	4	"teriyaki"
"thick"	4	"thick"
"toffe"	4	"toffe"
"tortellini"	4	"tortellini"
"turmer"	4	"turmer"
"umeboshi"	4	"umeboshi"
"veggi"	4	"veggi"
"verd"	4	"verd"
"vietnames"	4	"vietnames"
"watermelon"	4	"watermelon"
"wedg"	4	"wedg"
"wing"	4	"wing"
"winter"	4	"winter"
"wonton"	4	"wonton"
"wood"	4	"wood"
"yoghurt"	4	"yoghurt"
"age"	5	"age"
"angel"	5	"angel"
"annatto"	5	"annatto"
"barilla"	5	"barilla"
"batter"	5	"batter"
"best"	5	"best"
"bitter"	5	"bitter"
"blackberri"	5	"blackberri"
"blanc"	5	"blanc"
"blood"	5	"blood"
"blueberri"	5	"blueberri"
"bok"	5	"bok"
"bran"	5	"bran"
"burger"	5	"burger"
"butt"	5	"butt"
"cacao"	5	"cacao"
"case"	5	"case"
"cayenn"	5	"cayenn"
"char"	5	"char"
"chard"	5	"chard"
"chunk"	5	"chunk"
"cold"	5	"cold"
"coleslaw"	5	"coleslaw"
"creme"	5	"creme"
"crusti"	5	"crusti"
"currant"	5	"currant"
"demiglac"	5	"demiglac"
"dog"	5	"dog"
"enchilada"	5	"enchilada"
"four"	5	"four"
"fulli"	5	"fulli"
"gram"	5	"gram"
"grill"	5	"grill"
"gumbo"	5	"gumbo"
"haddock"	5	"haddock"
"head"	5	"head"
"homini"	5	"homini"
"island"	5	"island"
"jumbo"	5	"jumbo"
"kalamata"	5	"kalamata"
"ketchup"	5	"ketchup"
"kielbasa"	5	"kielbasa"
"korean"	5	"korean"
"leek"	5	"leek"
"lemonad"	5	"lemonad"
"lobster"	5	"lobster"
"mandarin"	5	"mandarin"
"mapl"	5	"mapl"
"minicub"	5	"minicub"
"mission"	5	"mission"
"non"	5	"non"
"oatmeal"	5	"oatmeal"
"pasoâ„"	5	"pasoâ„"
"philadelphia"	5	"philadelphia"
"popcorn"	5	"popcorn"
"pound"	5	"pound"
"progresso"	5	"progresso"
"quick"	5	"quick"
"quickcook"	5	"quickcook"
"ramen"	5	"ramen"
"ranchâ"	5	"ranchâ"
"relish"	5	"relish"
"rind"	5	"rind"
"ring"	5	"ring"
"romain"	5	"romain"
"romano"	5	"romano"
"rotel"	5	"rotel"
"rotini"	5	"rotini"
"rye"	5	"rye"
"sazon"	5	"sazon"
"scallop"	5	"scallop"
"skim"	5	"skim"
"slaw"	5	"slaw"
"soba"	5	"soba"
"sunflow"	5	"sunflow"
"tabl"	5	"tabl"
"tandoori"	5	"tandoori"
"tarragon"	5	"tarragon"
"tongu"	5	"tongu"
"turnip"	5	"turnip"
"vegetarian"	5	"vegetarian"
"vermouth"	5	"vermouth"
"vine"	5	"vine"
"wishbon"	5	"wishbon"
"wrap"	5	"wrap"
"ziti"	5	"ziti"
"adobo"	6	"adobo"
"allspic"	6	"allspic"
"back"	6	"back"
"bar"	6	"bar"
"bertolli"	6	"bertolli"
"blue"	6	"blue"
"bonein"	6	"bonein"
"center"	6	"center"
"ciabatta"	6	"ciabatta"
"cider"	6	"cider"
"citrus"	6	"citrus"
"clove"	6	"clove"
"coars"	6	"coars"
"cocktail"	6	"cocktail"
"cocoa"	6	"cocoa"
"color"	6	"color"
"crãme"	6	"crãme"
"crescent"	6	"crescent"
"crystal"	6	"crystal"
"cure"	6	"cure"
"dijon"	6	"dijon"
"dinner"	6	"dinner"
"doubl"	6	"doubl"
"evapor"	6	"evapor"
"fennel"	6	"fennel"
"feta"	6	"feta"
"flat"	6	"flat"
"frost"	6	"frost"
"garden"	6	"garden"
"goya"	6	"goya"
"habanero"	6	"habanero"
"hard"	6	"hard"
"jalapeno"	6	"jalapeno"
"lager"	6	"lager"
"mahi"	6	"mahi"
"marshmallow"	6	"marshmallow"
"mccormick"	6	"mccormick"
"melon"	6	"melon"
"nectar"	6	"nectar"
"new"	6	"new"
"pancak"	6	"pancak"
"pepperoni"	6	"pepperoni"
"poblano"	6	"poblano"
"poppi"	6	"poppi"
"purã"	6	"purã"
"purpos"	6	"purpos"
"quinoa"	6	"quinoa"
"recip"	6	"recip"
"rigatoni"	6	"rigatoni"
"rock"	6	"rock"
"rose"	6	"rose"
"seedless"	6	"seedless"
"semisweet"	6	"semisweet"
"shank"	6	"shank"
"side"	6	"side"
"snail"	6	"snail"
"sprig"	6	"sprig"
"stir"	6	"stir"
"trout"	6	"trout"
"virgin"	6	"virgin"
"wild"	6	"wild"
"worcestershir"	6	"worcestershir"
"zest"	6	"zest"
"zucchini"	6	"zucchini"
"ale"	7	"ale"
"andouill"	7	"andouill"
"asparagus"	7	"asparagus"
"avocado"	7	"avocado"
"baguett"	7	"baguett"
"boil"	7	"boil"
"brandi"	7	"brandi"
"breakfast"	7	"breakfast"
"cauliflow"	7	"cauliflow"
"choy"	7	"choy"
"coriand"	7	"coriand"
"cornbread"	7	"cornbread"
"cornmeal"	7	"cornmeal"
"creami"	7	"creami"
"cutlet"	7	"cutlet"
"drip"	7	"drip"
"essenc"	7	"essenc"
"eye"	7	"eye"
"farm"	7	"farm"
"fettuccin"	7	"fettuccin"
"half"	7	"half"
"hidden"	7	"hidden"
"homemad"	7	"homemad"
"horseradish"	7	"horseradish"
"jelli"	7	"jelli"
"johnsonvill"	7	"johnsonvill"
"king"	7	"king"
"knorrâ"	7	"knorrâ"
"lipton"	7	"lipton"
"malt"	7	"malt"
"monterey"	7	"monterey"
"okra"	7	"okra"
"piec"	7	"piec"
"ravioli"	7	"ravioli"
"sage"	7	"sage"
"salami"	7	"salami"
"serrano"	7	"serrano"
"short"	7	"short"
"sparkl"	7	"sparkl"
"tequila"	7	"tequila"
"thaw"	7	"thaw"
"tip"	7	"tip"
"tradit"	7	"tradit"
"uncook"	7	"uncook"
"valleyâ"	7	"valleyâ"
"wafer"	7	"wafer"
"yam"	7	"yam"
"anchovi"	8	"anchovi"
"anis"	8	"anis"
"apricot"	8	"apricot"
"bag"	8	"bag"
"balsam"	8	"balsam"
"barbecu"	8	"barbecu"
"barley"	8	"barley"
"beet"	8	"beet"
"blossom"	8	"blossom"
"bottl"	8	"bottl"
"buckwheat"	8	"buckwheat"
"caramel"	8	"caramel"
"cardamom"	8	"cardamom"
"creol"	8	"creol"
"cumin"	8	"cumin"
"date"	8	"date"
"dill"	8	"dill"
"ear"	8	"ear"
"fig"	8	"fig"
"gold"	8	"gold"
"grit"	8	"grit"
"hen"	8	"hen"
"irish"	8	"irish"
"kale"	8	"kale"
"lasagna"	8	"lasagna"
"molass"	8	"molass"
"pesto"	8	"pesto"
"puff"	8	"puff"
"refri"	8	"refri"
"regular"	8	"regular"
"rosemari"	8	"rosemari"
"sheet"	8	"sheet"
"snapper"	8	"snapper"
"sourdough"	8	"sourdough"
"split"	8	"split"
"swiss"	8	"swiss"
"tamari"	8	"tamari"
"tart"	8	"tart"
"vodka"	8	"vodka"
"alfredo"	9	"alfredo"
"artichok"	9	"artichok"
"base"	9	"base"
"bass"	9	"bass"
"bay"	9	"bay"
"berri"	9	"berri"
"biscuit"	9	"biscuit"
"breadcrumb"	9	"breadcrumb"
"cajun"	9	"cajun"
"canola"	9	"canola"
"chuck"	9	"chuck"
"cranberri"	9	"cranberri"
"dip"	9	"dip"
"espresso"	9	"espresso"
"gelatin"	9	"gelatin"
"glaze"	9	"glaze"
"grapefruit"	9	"grapefruit"
"jam"	9	"jam"
"jamaican"	9	"jamaican"
"lavend"	9	"lavend"
"margarin"	9	"margarin"
"masala"	9	"masala"
"meatbal"	9	"meatbal"
"muffin"	9	"muffin"
"nori"	9	"nori"
"pink"	9	"pink"
"pit"	9	"pit"
"spring"	9	"spring"
"sprout"	9	"sprout"
"stuf"	9	"stuf"
"tamarind"	9	"tamarind"
"tapioca"	9	"tapioca"
"vermicelli"	9	"vermicelli"
"walnut"	9	"walnut"
"whiskey"	9	"whiskey"
"blend"	10	"blend"
"cane"	10	"cane"
"cereal"	10	"cereal"
"chee"	10	"chee"
"cilantro"	10	"cilantro"
"cottag"	10	"cottag"
"deli"	10	"deli"
"eggplant"	10	"eggplant"
"firm"	10	"firm"
"hazelnut"	10	"hazelnut"
"liver"	10	"liver"
"mango"	10	"mango"
"marinad"	10	"marinad"
"mint"	10	"mint"
"oyster"	10	"oyster"
"pearl"	10	"pearl"
"peppercorn"	10	"peppercorn"
"plum"	10	"plum"
"pod"	10	"pod"
"prawn"	10	"prawn"
"rum"	10	"rum"
"soda"	10	"soda"
"spanish"	10	"spanish"
"spici"	10	"spici"
"starch"	10	"starch"
"strip"	10	"strip"
"thin"	10	"thin"
"truffl"	10	"truffl"
"chestnut"	11	"chestnut"
"cod"	11	"cod"
"dal"	11	"dal"
"goat"	11	"goat"
"golden"	11	"golden"
"graham"	11	"graham"
"kernel"	11	"kernel"
"loaf"	11	"loaf"
"long"	11	"long"
"mini"	11	"mini"
"oregano"	11	"oregano"
"pack"	11	"pack"
"penn"	11	"penn"
"pistachio"	11	"pistachio"
"preserv"	11	"preserv"
"pud"	11	"pud"
"ragu"	11	"ragu"
"ranch"	11	"ranch"
"ricotta"	11	"ricotta"
"rub"	11	"rub"
"seafood"	11	"seafood"
"wrapper"	11	"wrapper"
"beer"	12	"beer"
"broccoli"	12	"broccoli"
"cashew"	12	"cashew"
"chorizo"	12	"chorizo"
"clam"	12	"clam"
"countri"	12	"countri"
"curd"	12	"curd"
"english"	12	"english"
"fatfre"	12	"fatfre"
"flower"	12	"flower"
"heart"	12	"heart"
"jerk"	12	"jerk"
"kidney"	12	"kidney"
"link"	12	"link"
"prepar"	12	"prepar"
"queso"	12	"queso"
"radish"	12	"radish"
"raw"	12	"raw"
"sharp"	12	"sharp"
"sherri"	12	"sherri"
"soft"	12	"soft"
"thigh"	12	"thigh"
"thyme"	12	"thyme"
"vegan"	12	"vegan"
"buttermilk"	13	"buttermilk"
"carrot"	13	"carrot"
"chive"	13	"chive"
"japanes"	13	"japanes"
"lentil"	13	"lentil"
"liquid"	13	"liquid"
"meal"	13	"meal"
"natur"	13	"natur"
"paprika"	13	"paprika"
"parmesan"	13	"parmesan"
"refriger"	13	"refriger"
"spaghetti"	13	"spaghetti"
"tenderloin"	13	"tenderloin"
"thai"	13	"thai"
"chunki"	14	"chunki"
"grape"	14	"grape"
"lean"	14	"lean"
"medium"	14	"medium"
"origin"	14	"origin"
"pear"	14	"pear"
"pumpkin"	14	"pumpkin"
"sandwich"	14	"sandwich"
"sea"	14	"sea"
"skin"	14	"skin"
"strawberri"	14	"strawberri"
"vinaigrett"	14	"vinaigrett"
"bell"	15	"bell"
"cabbag"	15	"cabbag"
"cinnamon"	15	"cinnamon"
"coffe"	15	"coffe"
"concentr"	15	"concentr"
"cucumb"	15	"cucumb"
"fill"	15	"fill"
"fine"	15	"fine"
"larg"	15	"larg"
"leg"	15	"leg"
"nut"	15	"nut"
"pecan"	15	"pecan"
"pita"	15	"pita"
"root"	15	"root"
"salad"	15	"salad"
"sirloin"	15	"sirloin"
"stick"	15	"stick"
"unsweeten"	15	"unsweeten"
"asian"	16	"asian"
"banana"	16	"banana"
"chipotl"	16	"chipotl"
"crumbl"	16	"crumbl"
"food"	16	"food"
"gluten"	16	"gluten"
"glutenfre"	16	"glutenfre"
"granul"	16	"granul"
"gravi"	16	"gravi"
"mild"	16	"mild"
"minc"	16	"minc"
"miso"	16	"miso"
"oat"	16	"oat"
"pastri"	16	"pastri"
"pineappl"	16	"pineappl"
"small"	16	"small"
"spray"	16	"spray"
"spread"	16	"spread"
"cooki"	17	"cooki"
"crab"	17	"crab"
"french"	17	"french"
"fri"	17	"fri"
"loin"	17	"loin"
"old"	17	"old"
"salmon"	17	"salmon"
"shoulder"	17	"shoulder"
"yeast"	17	"yeast"
"celeri"	18	"celeri"
"cut"	18	"cut"
"extra"	18	"extra"
"leaf"	18	"leaf"
"less"	18	"less"
"mayonnais"	18	"mayonnais"
"organ"	18	"organ"
"parsley"	18	"parsley"
"raspberri"	18	"raspberri"
"round"	18	"round"
"stew"	18	"stew"
"tofu"	18	"tofu"
"unsalt"	18	"unsalt"
"whip"	18	"whip"
"fish"	19	"fish"
"grain"	19	"grain"
"halv"	19	"halv"
"instant"	19	"instant"
"lettuc"	19	"lettuc"
"mexican"	19	"mexican"
"peach"	19	"peach"
"plain"	19	"plain"
"spice"	19	"spice"
"spinach"	19	"spinach"
"squash"	19	"squash"
"bun"	20	"bun"
"cracker"	20	"cracker"
"crush"	20	"crush"
"drain"	20	"drain"
"honey"	20	"honey"
"lime"	20	"lime"
"dark"	21	"dark"
"fruit"	21	"fruit"
"grate"	21	"grate"
"jack"	21	"jack"
"kraft"	21	"kraft"
"sesam"	21	"sesam"
"sweeten"	21	"sweeten"
"taco"	21	"taco"
"basil"	22	"basil"
"candi"	22	"candi"
"greek"	22	"greek"
"herb"	22	"herb"
"knorr"	22	"knorr"
"pizza"	22	"pizza"
"pure"	22	"pure"
"can"	23	"can"
"duck"	23	"duck"
"ginger"	23	"ginger"
"skinless"	23	"skinless"
"sour"	23	"sour"
"tuna"	23	"tuna"
"veal"	23	"veal"
"cherri"	25	"cherri"
"dough"	25	"dough"
"mozzarella"	25	"mozzarella"
"peel"	25	"peel"
"pickl"	25	"pickl"
"salsa"	25	"salsa"
"top"	25	"top"
"bone"	26	"bone"
"nonfat"	26	"nonfat"
"babi"	27	"babi"
"condens"	27	"condens"
"crumb"	27	"crumb"
"curri"	27	"curri"
"peanut"	27	"peanut"
"bouillon"	28	"bouillon"
"cube"	28	"cube"
"pie"	28	"pie"
"bake"	29	"bake"
"cake"	29	"cake"
"pea"	29	"pea"
"shrimp"	29	"shrimp"
"crust"	30	"crust"
"dice"	30	"dice"
"extract"	30	"extract"
"liqueur"	30	"liqueur"
"style"	30	"style"
"toast"	30	"toast"
"yellow"	30	"yellow"
"flavor"	31	"flavor"
"rib"	31	"rib"
"almond"	32	"almond"
"tortilla"	32	"tortilla"
"bacon"	33	"bacon"
"lemon"	34	"lemon"
"water"	34	"water"
"flake"	35	"flake"
"ice"	35	"ice"
"mustard"	36	"mustard"
"shell"	36	"shell"
"tea"	36	"tea"
"chip"	37	"chip"
"appl"	38	"appl"
"lamb"	38	"lamb"
"soy"	38	"soy"
"wine"	38	"wine"
"cheddar"	39	"cheddar"
"light"	40	"light"
"egg"	41	"egg"
"ham"	41	"ham"
"brown"	43	"brown"
"syrup"	43	"syrup"
"chines"	44	"chines"
"orang"	45	"orang"
"roll"	45	"roll"
"free"	46	"free"
"vinegar"	46	"vinegar"
"boneless"	47	"boneless"
"coconut"	47	"coconut"
"onion"	47	"onion"
"vanilla"	47	"vanilla"
"yogurt"	48	"yogurt"
"breast"	49	"breast"
"potato"	49	"potato"
"smoke"	49	"smoke"
"meat"	50	"meat"
"noodl"	52	"noodl"
"slice"	52	"slice"
"veget"	52	"veget"
"dress"	53	"dress"
"hot"	53	"hot"
"stock"	53	"stock"
"oliv"	54	"oliv"
"seed"	54	"seed"
"turkey"	54	"turkey"
"butter"	55	"butter"
"garlic"	55	"garlic"
"shred"	55	"shred"
"mushroom"	57	"mushroom"
"sweet"	58	"sweet"
"chili"	59	"chili"
"corn"	59	"corn"
"soup"	61	"soup"
"chile"	63	"chile"
"chop"	64	"chop"
"sugar"	64	"sugar"
"broth"	66	"broth"
"pasta"	67	"pasta"
"salt"	67	"salt"
"cook"	69	"cook"
"steak"	70	"steak"
"fillet"	71	"fillet"
"milk"	71	"milk"
"black"	72	"black"
"italian"	72	"italian"
"reduc"	72	"reduc"
"past"	74	"past"
"wheat"	74	"wheat"
"low"	75	"low"
"roast"	75	"roast"
"sausag"	75	"sausag"
"leav"	76	"leav"
"chocol"	77	"chocol"
"lowfat"	77	"lowfat"
"flour"	80	"flour"
"juic"	80	"juic"
"bread"	82	"bread"
"frozen"	83	"frozen"
"ground"	84	"ground"
"oil"	84	"oil"
"red"	86	"red"
"green"	89	"green"
"pork"	90	"pork"
"whole"	92	"whole"
"beef"	94	"beef"
"powder"	95	"powder"
"white"	95	"white"
"fat"	97	"fat"
"pepper"	101	"pepper"
"fresh"	102	"fresh"
"tomato"	103	"tomato"
"sodium"	108	"sodium"
"rice"	109	"rice"
"season"	114	"season"
"cream"	119	"cream"
"bean"	129	"bean"
"dri"	132	"dri"
"mix"	138	"mix"
"chicken"	194	"chicken"
"chees"	202	"chees"
"sauc"	210	"sauc"
